loan_id,default_probability,risk_tier,alert_text
LN09989,0.9360552668830874,High,"This application falls into the high-risk tier due to the borrower’s short credit history and the purpose of the loan being unspecified. The most concerning factors are the borrower’s limited credit history of just three years and the loan amount representing 32% of their annual income, which is well above prudent lending thresholds. Before approval, I recommend requesting additional documentation to clarify the loan purpose and verify income stability."
LN16880,0.8319988257093657,High,"This application falls into the high-risk tier due to the borrower’s limited employment history and minimal credit experience, despite the modest loan amount. The two most concerning factors are the borrower’s single prior default and a debt-to-income ratio of just 0.3%, which suggests minimal financial cushion for repayment. Before approval, request a detailed explanation of the default and verification of consistent income beyond the current role."
LN25483,0.8297555586330277,High,"This application falls into Risk Tier 3 due to the high 15.62% interest rate and minimal income coverage of just 0.08% of annual earnings, raising concerns about repayment capacity given the borrower's limited financial cushion. The two most troubling factors are the applicant's low income of $36,000 against a $3,000 loan and their short 4-year employment history with no home ownership, both of which heighten default risk. Before approval, request updated pay stubs and employment verification to confirm stability and income accuracy."
LN22582,0.8829498878391601,High,"This application falls into risk tier 3 due to the unsecured $10,000 loan at 16.89% interest for an unspecified purpose, which raises concerns given the borrower’s limited credit history and lack of home ownership. The two most troubling factors are the high interest rate, which significantly increases default risk, and the vague loan purpose, making it difficult to assess repayment capacity or collateral coverage. Before approval, request a detailed explanation of the loan’s intended use to better evaluate risk and ensure alignment with lending policies."
LN06806,0.7495520033708135,High,"This application falls into Risk Tier 3 due to the borrower’s short credit history and high interest rate, raising concerns about repayment capacity given their limited financial cushion. The most troubling factors are the 15.05% interest rate and the borrower’s 24 years with only 4 years of credit history, which increases default risk despite their steady income. Before approval, request additional documentation of recurring expenses to verify affordability beyond the stated income."
LN28432,0.7873017494277404,High,"This application falls into Risk Tier 4 due to the high interest rate and unsecured nature of the loan, which raises concerns given the borrower’s limited credit history and lack of home ownership. The most troubling factors are the 16.63% interest rate, well above our typical thresholds, and the 37% debt-to-income ratio, which strains affordability despite the $60,000 income. Before approval, request additional documentation verifying stable employment and a detailed repayment plan to mitigate risk."
LN08443,0.8990503211110702,High,"This application sits in the higher-risk tier due to the borrower’s limited employment history and short credit history, despite a modest loan request for debt consolidation. The most concerning factors are the borrower’s 2 years of job tenure and a 4-year credit history, both below typical thresholds for grade 4 loans, while the 15.68% interest rate further strains affordability. I recommend requiring a co-signer or additional collateral before approval to mitigate risk exposure."
LN29517,0.9253749369502966,High,"This application falls into the high-risk tier due to the borrower’s lack of employment history despite a 11-year credit history, raising concerns about repayment capacity for a $14,725 loan at 10.99% interest. The most troubling factors are the 0.0 years of employment experience and a loan amount equating to 31% of annual income, which far exceeds prudent lending standards. Before approval, request a detailed explanation of income sources and a co-signer to mitigate risk."
LN02494,0.918701161746874,High,"This application falls into the high-risk tier due to the borrower’s lack of employment history and minimal income stability, despite the modest loan amount. The two most concerning factors are the borrower’s zero years of work experience and the loan representing 17% of their annual income, which is disproportionately high given their financial profile. Before approval, request a cosigner with verifiable income to mitigate repayment risk."
LN31767,0.7102651460212436,High,"This application falls into Tier 3 due to the high interest rate and short employment history, which raises concerns about repayment capacity given the borrower’s limited stability. The two most troubling factors are the 2-year employment tenure with a $108,800 income and the 17.88% interest rate on a $15,000 loan, which strains affordability despite the low percent income. Before approval, request updated employment verification and a debt-to-income breakdown to reassess risk."
LN03146,0.6794129741958793,High,"This application falls into Tier 3 due to the borrower’s limited credit history and modest income relative to the loan amount. The two most concerning factors are the applicant’s age of 22 with just 4 years of credit history and a loan-to-income ratio of 11.7%, which strains affordability despite the low default rate. Before approval, request additional income verification or a co-signer to mitigate risk exposure."
LN16165,0.8398150699740462,High,"This application falls into Tier 5 due to the high 18.62% interest rate and short 3-year credit history, which raises concerns given the applicant’s young age and lack of home ownership. The two most troubling factors are the 0.34% of income allocated to this loan—unusually high for such a short credit track—and the applicant’s limited financial stability indicators despite 8 years of employment. Before approval, request updated bank statements to verify cash flow stability and assess discretionary spending habits."
LN00684,0.9359591914007904,High,"This application falls into the high-risk tier due to the borrower’s limited credit history of just two years and the unusually high interest rate of 11.12% for a loan grade 1, which suggests elevated risk not reflected in the applicant’s profile. The two most concerning factors are the borrower’s age of 24 with only eight years of employment experience and a loan-to-income ratio of 0.32% that, while low, strains affordability given the short credit history. Approve only after requiring a minimum of six months’ additional payment history from an existing relationship or alternative credit data to validate repayment capacity."
LN05248,0.8028589071041058,High,"This application falls into the high-risk tier due to the borrower’s limited credit history and modest income relative to the loan amount, despite a relatively low default status. The two most concerning factors are the borrower’s short 4-year credit history and the loan amount representing 32% of annual income, which strains affordability. Before approval, request additional documentation to verify stable employment and recent payment behavior to mitigate risk."
LN15435,0.7266114814035416,High,"This application falls into Tier 3 due to the borrower’s limited credit history and high loan-to-income ratio, which raises concerns about repayment capacity given their short employment tenure. The two most troubling factors are the 3-year credit history with no home ownership and a loan amounting to 0.12% of annual income, which, while low, still strains a young borrower with minimal financial stability. Before approving, request additional proof of consistent savings or a co-signer to mitigate risk."
LN05332,0.6261686349508656,High,"This application falls into Risk Tier 3 due to the borrower’s short credit history and modest income relative to the loan size, raising concerns about repayment capacity. The two most troubling factors are the borrower’s limited employment tenure of just 3 years and a default status on record, despite a modest loan amount of $8,500. Before approval, request updated bank statements to verify cash flow stability and confirm no additional undisclosed liabilities."
LN08592,0.9323706428583242,High,"This application sits in the highest risk tier due to the borrower’s lack of income and credit history despite a four-year file. The most concerning factors are the $8,000 loan equaling 35% of the applicant’s $23,148 annual income and zero years of employment experience at just 23 years old. I recommend rejecting this loan outright before any further review to avoid an immediate default scenario."
LN20314,0.7656686641814966,High,"This application falls into risk tier 4 due to the high 17.93% interest rate on a $4,000 loan for purpose 0, which raises concerns given the borrower’s strong income and credit history. The two most troubling factors are the single prior default despite 9 years of credit history and the loan’s purpose being unspecified, which could mask higher risk. Before approval, verify the loan purpose and confirm the borrower’s explanation for the default to assess true risk."
LN27439,0.8160385383096651,High,"This application falls into Tier 3 due to the borrower’s limited employment history and high-risk purpose. With just one year of work experience and a 17.8% interest rate on an $18,500 loan—representing 0.14% of income—the borrower’s repayment capacity is questionable despite a clean credit record. Before moving forward, request updated employment verification to confirm stability."
LN01231,0.93676879642473,High,"This application falls into the high-risk tier due to the borrower’s limited credit history and lack of employment experience, making the $16,000 loan for purpose 1 particularly concerning. The two most alarming factors are the borrower’s age of 22 with zero years of work history and a credit history length of just three years, compounded by a high 13.24% interest rate. Before approval, request additional documentation proving stable income or a qualified co-signer to mitigate risk."
LN03702,0.6002953657204696,High,"This application falls into risk tier 4 due to the borrower’s short credit history and high interest rate, raising concerns about repayment capacity given the low income relative to debt. The most troubling factors are the 19.03% interest rate and the borrower’s limited employment experience of just 6 years, compounded by a prior default. I recommend rejecting this loan outright until the borrower demonstrates at least 12 months of stable employment and a clean credit record."
LN10360,0.9411497904961768,High,"This application falls into the high-risk tier due to the borrower’s limited credit history and modest income relative to the loan amount. With just four years of credit history and a 9.91% interest rate on a $10,000 loan representing 42% of annual income, the borrower’s repayment capacity is already stretched thin. Before approval, I recommend requiring a co-signer with stronger financial stability to mitigate default risk."
LN15890,0.93329068568838,High,"The application LN15890 for a $2,500 loan at 9.99% poses high risk due to the borrower’s limited income ($12,000 annually) and short credit history (3 years), making repayment capacity questionable despite no defaults. The most concerning factors are the loan amount representing 21% of annual income and the borrower’s young age (26) with only 6 years of employment experience, both of which heighten default risk. Before approval, require a co-signer or additional collateral to mitigate exposure."
LN32102,0.7600431874878127,High,"This application for a $20,000 personal loan at 14.61% interest falls into risk tier 3 due to the borrower’s limited employment history of just two years and lack of home ownership, both red flags for repayment reliability. With a 16-year credit history showing one default and an annual income of $103,000, the 0.19% income-to-loan ratio masks the thin employment tenure and unsecured exposure. Before approval, require proof of at least six months of stable employment with the current employer."
LN27680,0.8276286009116113,High,"This application falls into risk tier 3 due to the borrower’s single prior default and the unsecured nature of the $25,000 loan at a 14.62% rate. The two most concerning factors are the 19-year employment history paired with no home ownership, which raises questions about stability, and the 10-year credit history with just one default, suggesting potential future issues. Before approval, request updated bank statements to verify cash flow consistency and confirm no undisclosed liabilities."
LN25267,0.8913369495121928,High,"This application falls into Tier 4 due to the high interest rate and borrower profile, raising concerns about affordability and risk. The most troubling factors are the 16% interest rate on a $12,000 loan and the borrower’s low income-to-loan ratio of 0.29%, which strains repayment capacity. Before approval, request additional documentation of stable income or co-signer support to mitigate default risk."
LN32189,0.6997410266273931,High,"This application falls into Tier 3 due to the high interest rate and modest income relative to the loan amount. The most concerning factors are the borrower’s limited employment history of just four years and lack of home ownership, which increases repayment risk. Before approval, I recommend verifying additional sources of income or collateral to mitigate exposure."
LN28050,0.7487121095504005,High,"This application falls into Tier 3 due to the high interest rate and minimal income impact, raising concerns about repayment capacity given the borrower’s short credit history. The two most troubling factors are the 16% interest rate on a $20,000 loan and the borrower’s single prior default within a five-year credit history, which suggests potential credit risk. Before approval, request updated bank statements to verify cash flow stability and assess whether the borrower can sustain the repayment burden."
LN22145,0.9313053181415832,High,"This application falls into Tier 3 due to the borrower’s lack of employment history and high-risk loan purpose, raising concerns about repayment capacity. The most troubling factors are the 0.11% income allocation for a $6,500 loan at 16.35% interest and the borrower’s zero years of work experience despite a seven-year credit history. Before approval, request documented proof of stable income or a co-signer to mitigate default risk."
LN07514,0.747380323707537,High,"This application falls into our highest risk tier due to the borrower’s age, limited credit history, and the loan’s purpose. With just three years of credit history and a $6,450 loan representing 22% of their $29,361 income, the borrower’s thin file and high debt-to-income ratio raise significant concerns. Before approval, request updated bank statements to verify income stability and assess cash flow trends."
LN17267,0.6471693103323023,High,"This application falls into Tier 3 due to the borrower’s short credit history and high loan-to-income ratio, making it a higher-risk proposition. The two most concerning factors are the applicant’s single default in the past two years and the fact that 21% of their annual income is being committed to this loan despite only three years of employment stability. Before approving, request a detailed explanation of the default circumstances and verify current employment status."
LN00380,0.8982521935078429,High,"This application falls into the high-risk tier due to the borrower’s limited credit history and modest income relative to the loan amount. The two most concerning factors are the borrower’s young age with only three years of credit history and the loan representing 23% of their annual income, which exceeds prudent lending thresholds. Before approval, I recommend requiring a co-signer with stronger financial stability to mitigate repayment risk."
LN17776,0.8985973643435011,High,"This application falls into the high-risk tier due to the borrower’s limited credit history and short employment tenure, making underwriting standards difficult to justify. The most concerning factors are the borrower’s 2-year credit history with no defaults and an annual income of $68,000 supporting a $14,400 loan at 17.99% interest, which strains affordability at just 0.21% of income. Before approval, request additional documentation of stable employment or a co-signer to mitigate risk exposure."
LN09032,0.8553782634217207,High,"This application falls into the high-risk tier due to the borrower’s limited credit history and minimal employment stability, with the $8,000 loan for purpose 2 raising further concerns. The two most troubling factors are the applicant’s single default on record and just one year of work experience with an income of $49,161, which strains affordability despite the low debt-to-income ratio. Before approval, request additional documentation verifying the source of income and recent payment behavior to assess repayment capacity more accurately."
LN07481,0.6659360170423851,High,"This application falls into our higher-risk tier due to the borrower’s limited credit history and modest income relative to the loan size. The most concerning factors are the borrower’s short employment history of just one year and a debt-to-income ratio that, while low at 0.12%, masks the borrower’s thin financial cushion given their age and lack of home ownership. Before moving forward, I recommend requiring a co-signer with stronger credit stability to mitigate risk exposure."
LN00357,0.6114952189983932,High,"This application falls into Tier 4 with a high-risk purpose, raising concerns due to the borrower’s limited credit history and low income relative to the loan amount. The two most troubling factors are the 24-year-old applicant’s short 2-year credit history with a prior default and the loan representing 23% of their annual income despite a modest $16,020 salary. Before approval, require a co-signer with stable income and stronger credit to mitigate repayment risk."
LN24407,0.8687901070704681,High,"This application falls into the higher-risk tier due to the borrower’s limited income stability and the unsecured nature of the loan, despite their brief credit history. The most concerning factors are the 15.31% interest rate on a $10,000 loan, which exceeds typical thresholds for this income level, and the borrower’s single prior default, indicating potential repayment challenges. Before approval, request updated bank statements to verify cash flow and assess recent spending patterns."
LN24986,0.9241428738671372,High,"This application falls into the higher-risk tier due to the borrower’s limited income stability and short credit history, despite the modest loan amount. The two most concerning factors are the borrower’s annual income of $25,200 and a default status, which suggests potential repayment challenges given the loan’s 14.46% interest rate. Before approval, I recommend verifying the borrower’s employment stability with a recent pay stub or employer confirmation."
LN05252,0.9274700987992276,High,"This application falls into the high-risk tier due to the borrower’s limited credit history and modest income relative to the loan size. The most concerning factors are the 22-year-old applicant’s just four years of credit history and the loan representing 37% of their annual income, which strains affordability despite a clean default record. Before approval, request additional proof of stable employment or a co-signer to mitigate risk exposure."
LN14912,0.9375722766782362,High,"This application for a $15,000 loan to a 23-year-old borrower with only three years of employment history falls into the highest risk tier due to thin credit file and limited income stability. The most concerning factors are the borrower’s short credit history of just four years and the loan representing 31% of their $48,800 annual income, well above prudent thresholds. Before approval, request additional documentation verifying consistent employment and a co-signer to mitigate risk."
LN02038,0.702437291792955,High,"This application falls into Tier 4 due to the borrower’s limited credit history and low income relative to the loan size, raising concerns about repayment capacity. The two most troubling factors are the single prior default and the 16.45% interest rate on a $12,000 loan, which strains affordability given a $30,000 annual income. Before approval, require proof of six months’ stable employment and a co-signer with stronger credit to mitigate risk."
LN05239,0.9394715300104076,High,"This application falls into our high-risk tier due to the borrower’s limited credit history and modest income relative to the loan amount. The most concerning factors are the applicant’s short 2-year credit history with no defaults and a loan-to-income ratio of 39%, which strains affordability given their $23,000 annual salary. Before approval, require a co-signer with stable income to mitigate repayment risk."
LN25868,0.8810336617341554,High,"This application for a $13,000 loan at 16% interest for purpose 3 falls into Tier 3 due to the borrower’s short credit history of 6 years and a prior default, which raises repayment reliability concerns. The two most troubling factors are the 16% interest rate—well above market averages for this grade—and the borrower’s lack of home ownership, limiting asset-backed security. Before approval, request updated bank statements to verify cash flow stability and confirm no additional liabilities."
LN00109,0.9351107470550164,High,"This application falls into risk tier 3 due to the borrower’s limited credit history and modest income relative to the loan amount, despite a clean default record. The most concerning factors are the applicant’s short employment tenure of just 2 years and the high interest rate of 15.31%, which strains affordability given their $41,000 annual income. Before approval, request updated employment verification to confirm stability beyond the initial two-year period."
LN32317,0.871054948325468,High,"This application falls into the high-risk tier due to the borrower’s high interest rate and modest income relative to the loan amount. The two most concerning factors are the 13.49% interest rate, which is well above market averages, and the 0.31% of income allocated to this loan, leaving little cushion for unexpected expenses. Before approval, request updated bank statements to verify cash flow stability and confirm no additional liabilities are hidden."
LN30029,0.6014479635218969,High,"This application falls into Tier 3 due to the high interest rate and borrower profile, raising concerns about affordability given the limited income stability. The most troubling factors are the 19.03% interest rate on an $8,875 loan and the borrower’s $38,200 annual income, which represents 23% of take-home pay—well above our 15% threshold. Before approval, require proof of additional income or a co-signer to mitigate repayment risk."
LN14902,0.9369428376930364,High,"This application falls into the high-risk tier due to the borrower’s limited credit history and modest income relative to the loan amount. The most concerning factors are the applicant’s short employment history of just two years and a credit history length of only three years, which increases default risk despite a clean record. Before approval, I recommend requiring a co-signer with stronger financial stability to mitigate exposure."
LN21173,0.9270945094743408,High,"This application sits in the highest risk tier due to the borrower’s lack of employment history despite an eight-year credit history, raising concerns about repayment capacity for an unsecured $5,000 loan at 15.21%. The most troubling factors are the zero years of documented employment and the 0.07% income-to-loan ratio, which offers minimal cushion for financial disruption. Before approval, request recent bank statements to verify cash flow stability and confirm no hidden liabilities exist."
LN17073,0.8317189602390695,High,"This application falls into our high-risk tier due to the borrower’s limited credit history and short employment tenure, despite the modest loan amount. The most concerning factors are the borrower’s age (23) paired with just one year of work experience and a thin two-year credit file, which increases default risk disproportionately for the loan’s small size. Before approval, obtain a detailed explanation of the income source and verify employment stability through pay stubs and employer confirmation."
LN22860,0.9304452422743176,High,"This application falls into our high-risk tier due to the borrower’s limited income stability and short employment history, raising concerns about repayment capacity for an unsecured loan. The most troubling factors are the borrower’s annual income of just $20,400 against an $8,000 loan—nearly 40% of their yearly earnings—and only two years at their current job, with no collateral to offset risk. Before approving, request recent bank statements to verify cash flow and assess whether the borrower can sustain these payments without distress."
LN23186,0.6967555127244099,High,"This application falls into the high-risk tier for a $24,000 personal loan due to the borrower’s limited income cushion and high debt-to-income ratio. The two most concerning factors are the 12.53% interest rate, which significantly exceeds industry norms for this grade, and the 0.4% of annual income allocated to this loan, leaving minimal flexibility for unexpected expenses. Before approval, request updated bank statements to verify cash flow stability and confirm no undisclosed liabilities exist."
LN31410,0.6184618146722022,High,"This application falls into our highest risk tier due to the borrower’s lack of employment history despite a 12-year credit history, raising concerns about repayment capacity for the $12,000 loan at 14.11%. The two most troubling factors are the zero years of documented employment and the loan representing 13% of annual income, which is unusually high for this grade. Before approval, request recent bank statements to verify cash flow and confirm the income source."
LN08817,0.8147090809260229,High,"This application falls into the high-risk tier due to the borrower’s limited credit history and short employment tenure, making it concerning for approval. The two most alarming factors are the borrower’s just one year of work experience and a credit history length of only three years, which increase default risk despite a low default count. Before moving forward, I recommend requiring a co-signer with stronger financial stability to mitigate potential exposure."
LN23127,0.7095704633268789,High,"This application sits in Risk Tier 4 for a $6,500 personal loan, which is concerning given the borrower’s limited credit history of just 6 years and a prior default. The two most alarming factors are the 16.45% interest rate—well above market averages—and the 0.12% of income this loan represents, which may strain affordability despite the low absolute amount. Approve only after requiring a detailed debt-to-income breakdown and verification of current employment stability."
LN06015,0.8525943681323427,High,"This application falls into Tier 3 with a small loan purpose, but the borrower’s limited credit history of just four years raises concerns given their young age. The most troubling factors are the high 14.84% interest rate on a $5,600 loan and the minimal 0.08% of annual income this represents, which may understate repayment capacity. Before approval, request updated employment verification to confirm stability beyond the stated seven years."
LN24715,0.6141923528438672,High,"This application falls into Tier 3 due to the high 16.89% interest rate on a $10,000 unsecured loan, which strains affordability given the borrower’s 0.13% income-to-loan ratio. The two most concerning factors are the short 4.0 years of employment history paired with a 16.89% rate, which exceeds typical thresholds for unsecured lending. Before approval, request updated pay stubs and a written explanation of how the borrower plans to manage this debt alongside their existing obligations."
LN00706,0.9332007795937022,High,"This application falls into Risk Tier 3 due to the borrower’s limited credit history and high-interest rate, which raises concerns about affordability and repayment capacity. The most troubling factors are the 4-year credit history with no defaults but also no demonstrated ability to handle larger obligations, and the 14.84% interest rate on a $20,000 loan, which strains the borrower’s $62,400 income. Before approval, request updated bank statements to verify consistent cash flow and assess discretionary spending habits."
LN24793,0.8552581893766051,High,"This application falls into our high-risk tier due to the unsecured nature of the loan and the borrower’s limited credit history despite their eight-year track record. With a debt-to-income ratio of 24% on a $17,000 loan at 16.89% interest and no home ownership, the borrower’s financial stability is questionable, especially given their modest $59,497 annual income and only four years at their current job. Before approval, I recommend requiring a co-signer with stronger credit to mitigate the elevated default risk."
LN12198,0.8942297444823848,High,"This application falls into our high-risk tier due to the borrower’s age and limited credit history, despite a stable income. The two most concerning factors are the 21-year-old applicant’s three-year credit history combined with a $12,000 loan representing 40% of their $30,000 annual income, which strains affordability. Before approval, require a co-signer with established credit to mitigate repayment risk."
LN26855,0.9377912820388102,High,"This application falls into Tier 2 due to the borrower’s limited employment history and modest income relative to the requested loan. The most concerning factors are the 3.0 years of employment experience with a $45,000 annual income and a 13.48% interest rate on a $15,000 loan, which strains affordability at 0.33% of income. Before approval, request additional documentation verifying stable income and a detailed repayment plan to mitigate risk."
LN24000,0.8089145546073823,High,"This application falls into Tier 3 due to the borrower’s limited credit history and high debt-to-income ratio, making it a higher-risk personal loan. The most concerning factors are the 6-year credit history with no defaults and a 0.29% income allocation for a $10,000 loan at 15.58% interest, which strains affordability despite the low percentage. Before approval, request updated bank statements to verify consistent income and assess cash flow stability."
LN06272,0.6077770259536436,High,"This application falls into our high-risk tier due to the borrower’s limited credit history and modest income relative to the loan amount. With only three years of credit history and a 15.23% interest rate on a $6,000 loan representing 19% of their annual income, the borrower’s ability to manage debt is questionable. Before approval, I recommend requiring a co-signer with stronger financial stability to mitigate risk."
LN32280,0.899570505285194,High,"This application falls into our high-risk tier due to the borrower’s extremely low annual income of $11,340 and minimal employment history of just four years, making repayment capacity highly uncertain. The two most concerning factors are the 13.48% interest rate on a $1,950 loan—far above standard rates—and the fact that this loan consumes 17% of the borrower’s annual income, which is well above prudent lending thresholds. Before approval, request additional proof of consistent income or a co-signer to mitigate default risk."
LN14657,0.9377912820388102,High,"This application falls into the high-risk tier due to the borrower’s limited credit history and modest income relative to the loan amount. The most concerning factors are the borrower’s short employment history of just two years and the loan representing 42% of their annual income, which strains affordability. Before approval, request additional proof of stable income or a co-signer to mitigate repayment risk."
LN21367,0.8621908235628326,High,"This application falls into Tier 3 due to the borrower’s limited income stability and high debt-to-income ratio, raising concerns about repayment capacity given the short employment history. The most troubling factors are the $30,000 annual income paired with a $5,600 loan representing 19% of monthly earnings, compounded by a 14.84% interest rate that strains affordability. Before approval, request updated pay stubs and employment verification to confirm current income and job continuity."
LN25038,0.9176670335223788,High,"This application falls into the high-risk tier due to the borrower’s limited income stability and short credit history, despite the modest loan amount. The two most concerning factors are the borrower’s annual income of $22,452 against a $12,000 loan (53% of income) and just 2 years of employment experience, which raises repayment capacity questions. Before approval, request a detailed explanation of the borrower’s monthly expenses and debt obligations to assess affordability."
LN29278,0.6477413907470018,High,"This application falls into Tier 3 due to the high interest rate and short employment history, raising concerns about affordability and repayment capacity. The borrower’s $83,000 income and 0.27% debt-to-income ratio appear manageable, but the 23.22% rate and 3-year employment tenure introduce significant risk, especially with a prior default flagged. Before approval, request a detailed explanation of the default and verification of current employment stability."
LN00473,0.92241318358078,High,"This application falls into Tier 2 due to the borrower’s limited credit history and modest income, which raises concerns about repayment capacity given the loan’s purpose. The two most troubling factors are the applicant’s short 2-year credit history paired with a 22% debt-to-income ratio on a $4,000 loan, compounded by just 2 years of employment experience. Before approval, request additional documentation verifying stable income or a co-signer to mitigate risk."
LN07442,0.9394715300104076,High,"This application for $6,700 (purpose code 1) falls into the highest risk tier due to the borrower’s age, lack of employment history, and thin credit file. The most concerning factors are the $12,000 annual income with zero years of work experience and a loan-to-income ratio of 56%, which strains affordability despite the short repayment term. Before approval, require a cosigner with stable income or sufficient collateral to mitigate default risk."
LN01861,0.9157897544304866,High,"This application falls into the high-risk tier due to the borrower’s limited credit history and short employment tenure, raising concerns about repayment capacity despite a strong income. The two most troubling factors are the borrower’s 2-year credit history with no defaults and a loan-to-income ratio of 15%, which, while low, is offset by their inexperience managing debt. Before approval, request additional documentation such as recent bank statements to verify cash flow stability and confirm the borrower’s ability to handle this obligation."
LN21469,0.9378394159439586,High,"This application falls into our highest risk tier due to the borrower’s lack of employment history despite a seven-year credit history, raising concerns about repayment capacity for a $6,000 loan at 10.99% interest. The most troubling factors are the $18,000 annual income with zero years of employment and the loan equaling 33% of monthly earnings, which significantly exceeds prudent lending thresholds. Before approval, request documented proof of consistent income or a qualified co-signer to mitigate default risk."
LN28062,0.9395023316046924,High,"This application falls into Tier 3 due to the borrower’s limited income and short employment history, raising concerns about repayment capacity given the high interest rate. The two most troubling factors are the $12,000 annual income with just one year of work experience and the loan amount representing 38% of monthly earnings, which strains affordability. Before approval, request additional proof of stable income or a co-signer to mitigate risk."
LN00771,0.6410631487765459,High,"This application falls into the high-risk tier due to the borrower’s young age, limited credit history, and high interest rate for a $20,000 loan. The most concerning factors are the 4-year credit history with one prior default and the 15.05% interest rate, which strains affordability despite a $76,042 income. Before approval, require a detailed repayment plan and proof of stable employment beyond the current role."
LN00053,0.8871116551483892,High,"This application for a $30,000 personal loan at 15.23% interest falls into our high-risk tier due to the borrower’s limited credit history and single prior default. With just three years of credit history and a 33% income utilization rate, the borrower’s financial flexibility is already stretched, compounded by their young age and modest employment tenure. Approve only if the borrower provides verifiable collateral or a co-signer with strong credit to mitigate the elevated risk."
LN23457,0.6867331222101972,High,"This application falls into our high-risk tier due to the borrower’s limited income stability and short employment history, despite a near-prime credit profile. The most concerning factors are the 13.98% interest rate on an $8,400 loan for a borrower earning just $32,000 annually, which consumes 26% of their monthly income, and the 3-year employment tenure with a 9-year credit history suggesting potential overleveraging. I recommend deferring approval until additional income verification or a co-signer is provided to mitigate repayment risk."
LN04798,0.7251098732062801,High,"This application falls into Tier 3 due to the borrower’s limited credit history and high interest rate, raising concerns about repayment capacity given the minimal income allocation. The most troubling factors are the 14.11% interest rate on a $5,000 loan and the borrower’s short 4-year credit history, which increases default risk despite no prior defaults. Before approval, request additional proof of stable income beyond the stated $33,280 to justify the loan’s affordability."
LN00241,0.9340550717775984,High,"This application falls into risk tier 4 due to the borrower’s short credit history of just 4 years and a high interest rate of 16.35% on a $25,000 loan, which strains affordability despite their $74,004 income. The two most concerning factors are the applicant’s age of 23 with only 7 years of employment experience and the loan consuming 34% of their annual income, well above prudent thresholds. Before approval, request additional documentation verifying stable income sources and a detailed explanation of how the borrower plans to manage the repayment burden given these risks."
LN00668,0.9393216439188722,High,"This application falls into the high-risk tier due to the borrower’s limited employment history and modest credit profile, despite the modest loan amount. The most concerning factors are the applicant’s one-year job tenure and a 37% debt-to-income ratio, which strain repayment capacity given their $54,000 income. Before approval, request updated pay stubs and employment verification to confirm stability."
LN19693,0.908320071819491,High,"This application falls into the high-risk tier due to the borrower’s low annual income of $18,996 against a $3,250 loan, raising concerns about repayment capacity given the 16.32% interest rate. The two most troubling factors are the borrower’s income-to-loan ratio of 17%—well above prudent thresholds—and their limited credit history of just 7 years with no defaults, which may not adequately reflect long-term risk. Before approval, request updated bank statements to verify cash flow stability and confirm the borrower’s ability to service this debt without financial strain."
LN28725,0.9195865108007744,High,"This application falls into Tier 3 with a debt consolidation purpose, raising concerns due to the borrower’s limited income stability and high debt-to-income exposure at 67%. The two most troubling factors are the applicant’s short 2.0 years of employment history and a 14.74% interest rate that could strain repayment, especially given their modest $30,372 annual income. Before approval, request updated pay stubs and employment verification to confirm current job status and income consistency."
LN01794,0.8313586630397491,High,"This application falls into the highest risk tier due to the borrower’s limited credit history and low income relative to the loan amount. The most concerning factors are the 2-year credit history with no defaults and a loan-to-income ratio of 8.3%, which is unusually high for such a short credit track record. Before approval, request additional proof of stable employment or a co-signer to mitigate risk exposure."
LN00066,0.6087612010280351,High,"This application for a $1,500 short-term loan to a 22-year-old borrower with only $12,000 annual income and a single prior default poses high risk given their limited credit history and minimal financial cushion. The most concerning factors are the 14.84% interest rate on a loan consuming 13% of their income and a 3-year credit history with a prior default, indicating potential repayment struggles. Before approval, require a co-signer with stable income to mitigate default risk."
LN22017,0.7155731716785856,High,"This application falls into Risk Tier 3 due to the borrower’s limited income stability and lack of home ownership, despite a short but clean credit history. The two most concerning factors are the borrower’s $51,600 annual income supporting a $12,200 loan at 15.28% interest, which consumes 24% of monthly income, and their 4.0 years of employment experience with no collateral. Before approval, request updated pay stubs and employment verification to confirm income consistency and job stability."
LN01384,0.8691220011579207,High,"This application falls into Tier 3 due to the borrower’s limited credit history and modest income, raising concerns about repayment capacity given the high interest rate. The most troubling factors are the applicant’s single year of employment and a prior default, which suggest higher risk despite the small loan amount. Before approval, request an additional six months of recent pay stubs to verify stable income and employment continuity."
LN00023,0.9165397373243956,High,"This application falls into our high-risk tier due to the borrower’s limited credit history and the loan’s high interest rate, which strains affordability despite the modest income percentage. The two biggest red flags are the 4-year credit history for a 22-year-old and the 17.58% interest rate on a $34,000 loan, which could push debt service beyond sustainable levels. Before approval, require a detailed debt-to-income breakdown and proof of emergency savings to assess repayment resilience."
LN26256,0.8575986378515789,High,"This application falls into Tier 3 due to the borrower’s limited employment history and modest income relative to the loan amount, despite a clean credit record. The two most concerning factors are the borrower’s short 2.0 years of employment and the loan representing 25% of annual income, both of which heighten repayment risk. Approve only after requiring a co-signer with stable income to mitigate potential default."
LN09354,0.6939669647322133,High,"This application falls into the high-risk tier due to the borrower’s lack of employment history, minimal credit experience, and a prior default, making it concerning for repayment capacity. The two most alarming factors are the 14.42% interest rate on a $6,000 loan to a 24-year-old with no income stability and a 1% of annual income debt burden, which strains affordability despite the small principal. Before approval, require a co-signer with verifiable income to mitigate default risk."
LN13500,0.7227375971644149,High,"This application falls into a high-risk tier due to the borrower’s limited credit history and modest income relative to the loan size. With just two years of credit history and a single prior default, the borrower’s risk profile is further strained by a 22.11% interest rate and a near-30% debt-to-income ratio for a $12,500 loan. Before approval, request additional proof of stable income or a co-signer to mitigate repayment concerns."
LN13444,0.8955035273641775,High,"This application falls into Tier 3 due to its high interest rate and short credit history, making it a high-risk personal loan for debt consolidation. The borrower’s single default within three years and minimal home ownership despite steady income raise concerns, especially given the 16.49% rate on a $15,000 loan. Before approval, request additional documentation verifying the default’s resolution and current employment stability to mitigate risk."
LN05436,0.9330373892365912,High,"This application falls into Tier 3 due to the borrower’s limited credit history and modest income relative to the loan size. The most concerning factors are the borrower’s short employment tenure of just one year and a credit history length of only four years, which increases default risk despite a clean repayment record. Before approval, I recommend requiring a co-signer with stronger credit stability to mitigate exposure."
LN02199,0.7011230379857984,High,"This application falls into the high-risk tier due to the borrower’s limited credit history, young age, and prior default, making it a concerning unsecured personal loan for general use. The two most alarming factors are the 14.54% interest rate on a $6,000 loan for a borrower earning just $30,652 annually, along with the 23-year-old’s single default record within a 2-year credit history. Before approval, require a detailed explanation of the loan purpose and verify the borrower’s current employment stability."
LN20844,0.7671978057675969,High,"This application falls into Risk Tier 3 due to the high interest rate and unsecured nature of the loan, which raises concerns given the borrower’s limited income stability and lack of home ownership. The two most troubling factors are the 17.27% interest rate on a $12,700 loan and the borrower’s annual income of just $37,400, which results in a monthly payment obligation that could strain their budget. Before approval, I recommend requiring proof of additional income or a co-signer to mitigate repayment risk."
LN29117,0.9411497904961768,High,"This application falls into the high-risk tier due to the borrower’s limited employment history and modest income relative to the loan amount. The two most concerning factors are the borrower’s just one year of work experience and a loan-to-income ratio of 38%, which strains affordability despite a clean credit record. Before approval, request additional proof of stable income or a co-signer to mitigate repayment risk."
LN09598,0.8625554066419058,High,"This application falls into Tier 4 with a $15,000 loan for an unspecified purpose, raising concerns given the borrower’s limited credit history of just four years and modest income relative to the loan size. The two most troubling factors are the 16.4% interest rate, which is unusually high for a Grade 4 loan, and the fact that the loan consumes 26% of the applicant’s annual income despite their young age and short employment tenure. Before moving forward, I recommend requiring full documentation of the loan purpose to assess risk more clearly."
LN15928,0.7090537611275342,High,"This application falls into the high-risk tier due to the borrower’s limited credit history and modest income relative to the loan amount. The two most concerning factors are the 25-year-old applicant’s only two years of credit history and a loan-to-income ratio of 12.5%, which exceeds prudent lending thresholds. Before approval, I recommend requiring a co-signer or additional collateral to mitigate default risk."
LN10300,0.897994620897454,High,"This application falls into the high-risk tier due to the borrower’s lack of employment history and minimal credit experience, despite the modest loan amount. The most concerning factors are the applicant’s zero years of employment experience and a prior default status, which raise significant repayment concerns. Before approval, request additional documentation verifying stable income sources or consider reducing the loan amount to mitigate risk."
LN18583,0.6018491238319158,High,"This application falls into Risk Tier 3 due to the borrower’s low income-to-loan ratio and high interest rate, which strains affordability despite a clean credit history. The two most concerning factors are the $24,000 annual income supporting a $2,400 loan at 13.98% interest, consuming 0.1% of income but leaving minimal margin for repayment shocks, and the borrower’s limited 4 years of employment stability. Before approval, request updated pay stubs and employment verification to confirm income consistency and reduce underwriting risk."
LN17386,0.8071952379009734,High,"This application falls into Tier 3 due to the borrower’s limited credit history and high debt-to-income ratio for a $15,000 loan at 15.33%. The most concerning factors are the applicant’s short 3-year credit history and the loan representing 39% of their $38,000 income, which strains affordability. Before approval, request additional documentation to verify stable employment and recent cash flow trends."
LN01236,0.939383491527902,High,"This application falls into our high-risk tier due to the borrower’s limited credit history and the unsecured nature of the loan. With just three years of credit history and an 8.9% interest rate on a $16,000 loan, the borrower’s thin file and high debt-to-income ratio at 37% raise concerns about repayment capacity. Before approval, I recommend requiring a co-signer with stronger credit to mitigate risk."
LN07289,0.709069885380745,High,"This application falls into Tier 3 due to the borrower’s limited credit history and modest income relative to the loan amount. The two most concerning factors are the 26-year-old applicant’s two-year credit history with one default and a $6,500 loan representing 26% of their $25,000 annual income, which strains affordability despite the modest principal. Before approval, request an updated debt-to-income calculation and verification of stable employment to mitigate risk."
LN04727,0.6078977079704441,High,"This application falls into the high-risk tier due to the borrower’s limited credit history and modest income relative to the loan size. The two most concerning factors are the 23-year-old applicant’s just two years of credit history and the $5,000 loan representing 17% of their $29,100 annual income, which strains affordability despite the low default status. Before approval, require a co-signer with stronger credit to mitigate repayment risk."
LN22484,0.6000187654532776,High,"This application falls into Tier 2 due to the borrower’s limited income relative to the loan amount, despite their stable employment history. The most concerning factors are the extremely low percent income at 0.25% and the high interest rate of 13.11%, which could strain repayment capacity given the borrower’s modest earnings. Before approval, request additional documentation verifying consistent cash flow or a co-signer to mitigate risk."
LN32245,0.8472573996030844,High,"This application falls into Risk Tier 3 due to the borrower’s lack of employment history despite a 17-year credit history, raising concerns about repayment capacity for a $1,200 loan. The most troubling factors are the $18,300 annual income with zero years of employment and a 14.74% interest rate on a loan representing 0.07% of income, which strains affordability. Before approval, request documented proof of consistent income or a co-signer to mitigate default risk."
LN32066,0.727643885356357,High,"This application falls into Tier 3 due to the borrower’s lack of employment history despite a 13-year credit history and a prior default, which raises concerns about repayment capacity. The most troubling factors are the 100% reliance on credit history with no verifiable income and a 14.46% interest rate on a $15,000 loan, which strains affordability given the applicant’s zero home ownership. Before approval, request recent bank statements to confirm any undeclared income sources or third-party support."
LN11870,0.8656413081095978,High,"This application falls into Tier 3 due to the borrower’s limited credit history and high interest rate, which raises concerns about repayment capacity given the short track record. The two most troubling factors are the 4-year credit history with no home ownership and a $6,000 loan at 15.62% interest, consuming just 0.08% of income but still risky for a 26-year-old with no assets. Before approval, require a detailed explanation of how the borrower plans to manage this debt alongside their existing financial obligations."
LN17718,0.7643699683342892,High,"This application for a $5,325 loan at 14.59% interest to an unrated purpose poses high risk given the borrower’s age of 22 with only four years of credit history and no home ownership. The most concerning factors are the 16% of income this loan represents despite a modest $33,300 salary and the lack of clarity on how funds will be used. Before approval, obtain a detailed written explanation of the loan purpose and supporting documentation to justify the exposure."
LN18304,0.7862974739298364,High,"This application falls into the high-risk tier due to the borrower’s limited income, short employment history, and prior default, making repayment capacity highly uncertain. The two most concerning factors are the $19,200 annual income against a $4,750 loan (25% of monthly take-home pay) and a single prior default within an 8-year credit history, which raises serious questions about financial discipline. Before approval, require a detailed explanation of the default’s circumstances and proof of consistent income stability for at least six months."
LN17042,0.8830520905321656,High,"This application falls into our high-risk tier due to the borrower’s young age, limited credit history, and the purpose of the loan. The two most concerning factors are the 4-year credit history with no defaults and the $15,000 loan at 9.63% interest, representing 31% of their $48,000 income, which strains affordability. Before approval, request additional documentation proving stable employment and a detailed repayment plan to mitigate risk."
LN23453,0.6624898040242722,High,"This application falls into Tier 3 due to the high interest rate and unsecured nature of the $15,500 loan, which represents 25% of the borrower’s annual income. The two most concerning factors are the borrower’s lack of home ownership and a relatively short 5-year credit history, both of which increase default risk. I recommend deferring approval until the applicant provides additional collateral or reduces the loan amount to mitigate exposure."
LN00174,0.9262213115750428,High,"This application falls into Tier 3 due to the borrower’s limited credit history and modest income relative to the loan amount, which raises concerns about repayment capacity given the high interest rate. The two most troubling factors are the borrower’s short 3-year credit history with one prior default and the loan’s 14.96% interest rate, which could strain affordability despite the low 0.44% income percentage. Before approval, request additional proof of stable employment or a co-signer to mitigate risk."
LN00408,0.9411497904961768,High,"This application falls into the high-risk tier due to the borrower’s limited credit history and modest income relative to the loan amount. The most concerning factors are the borrower’s two-year credit history and a debt-to-income ratio of 46%, which is elevated for this loan size. I recommend deferring approval until the borrower provides additional documentation proving stable income or a co-signer with stronger credit credentials."
LN08071,0.7184904807360574,High,"This application falls into the high-risk tier due to the borrower’s limited credit history and modest income relative to the loan amount. The two most concerning factors are the borrower’s single default on record and the fact that the $20,000 loan represents 41% of their annual income, which strains affordability. Before approval, request updated bank statements to verify cash flow and confirm the borrower’s ability to manage this debt without further strain."
LN00601,0.9367578053632762,High,"This application sits in risk tier four due to the borrower’s limited credit history and high loan-to-income ratio for a purpose-rated three loan. The most concerning factors are the 24-year-old applicant’s two-year credit history and the $20,000 loan representing 44% of their $45,000 annual income, which strains affordability despite strong employment tenure. Before approval, require a detailed debt-to-income breakdown and verification of stable income continuity for the next 12 months."
LN31866,0.6769595671595269,High,"This application falls into Tier 3 due to the borrower’s limited employment history and high interest rate, making it a higher-risk personal loan. The most concerning factors are the 3-year employment tenure with a $140,787 income and a prior default, which raises repayment reliability questions. Before approval, request updated employment verification and a written explanation for the default to assess current stability."
LN18323,0.9219165452055872,High,"This application falls into the high-risk tier due to the borrower’s limited employment history and modest income relative to the loan size. The two most concerning factors are the 24-month employment tenure and a 14.74% interest rate on a $20,200 loan, which consumes 67% of the borrower’s annual income. Before approving, request updated pay stubs and a letter from the employer confirming job stability."
LN05794,0.6174531282312178,High,"This application falls into Tier 3 due to the borrower’s short credit history and high interest rate, raising concerns about repayment capacity given the applicant’s young age. The two most troubling factors are the 4-year credit history with no defaults and a $15,000 loan at 13.24%, which represents 32% of their $46,776 income—well above prudent lending thresholds. Before approval, request updated employment verification to confirm income stability, as the current figures may not fully reflect their ability to service this debt."
LN15848,0.7596062899530653,High,"This application falls into our high-risk tier due to the borrower’s short credit history and recent default, despite their high income. The most concerning factors are the 3-year credit history with a prior default and the loan’s 17.58% interest rate on a $30,000 amount, which is disproportionate for their income level. Before approval, request additional documentation verifying the stability of their employment and income sources."
LN16495,0.908045385522672,High,"This application falls into our highest risk tier due to the borrower’s lack of employment history and short credit history, despite the modest loan amount. The two most concerning factors are the applicant’s zero years of work experience and a credit history length of just two years, which significantly increase default risk. I recommend denying this application until the borrower demonstrates at least 12 months of stable employment before reconsideration."
LN01076,0.931402957852535,High,"This application falls into our highest risk tier due to the borrower’s lack of employment history and extremely short credit history, despite the modest loan amount. The two most concerning factors are the 0.0 years of work experience and a 4-year credit history with no defaults, which suggests limited repayment capacity and unproven credit behavior. Before approval, I recommend requiring a cosigner with stable income to mitigate the risk of default."
LN14572,0.6827719233513774,High,"This application falls into risk tier 3 due to the borrower’s limited credit history of just three years and the high interest rate of 14.96% for a $2,000 loan, which raises concerns about affordability despite the low income-to-loan ratio of 0.05%. The two most troubling factors are the borrower’s young age of 26 with only five years of employment experience and the loan’s purpose being unspecified, which could indicate higher risk. Before approval, I recommend verifying the borrower’s debt-to-income ratio to ensure they can comfortably manage this loan alongside any existing obligations."
LN21057,0.7785157248630549,High,"This application falls into Risk Tier 3 due to the unusually high interest rate of 14.83% for a $3,375 loan, which raises concerns about the borrower’s ability to manage debt given their modest income of $39,000. The two most troubling factors are the applicant’s lack of home ownership and a credit history length of just 8 years, both of which limit their financial stability and repayment track record. Before approval, request updated bank statements to verify cash flow and assess whether this loan aligns with their long-term financial health."
LN24046,0.9373490147392816,High,"The application LN24046 presents a high-risk tier for a $10,000 personal loan, primarily due to the borrower’s limited income stability and short employment history. The most concerning factors are the 15.31% interest rate on a $30,000 income and the 1.0 years of employment experience, which heighten default risk. Before approval, request a detailed debt-to-income breakdown to assess repayment capacity."
LN13795,0.7888322297465753,High,"This application falls into risk tier 4 for a $13,650 personal loan at 18.79% interest, concerning given the borrower’s limited credit history of just 2 years and modest $45,000 income. The two most troubling factors are the 3% of income this loan consumes, which strains affordability, and the 18.79% rate, which is disproportionately high for their risk profile. Before approval, require a detailed debt-to-income breakdown to confirm repayment capacity."
LN26712,0.7244364754771837,High,"This application falls into Tier 3 due to the borrower’s limited credit history and high loan-to-income ratio, raising concerns about repayment capacity given their short employment tenure. The two most troubling factors are the 3-year employment gap and the 15.21% interest rate on a $12,000 loan, which strains affordability despite the low income percentage. Before approval, require a co-signer with stable income to mitigate default risk."
LN25540,0.6564446367734625,High,"This application falls into Tier 3 due to the borrower’s limited employment history and modest income relative to the loan amount. The two most concerning factors are the applicant’s short 3-year job tenure and the loan representing 16% of their annual income, which exceeds prudent lending thresholds. Before approval, request updated pay stubs and employment verification to confirm current income stability."
LN03647,0.7466312313629159,High,"This application falls into Tier 2 risk due to the borrower’s limited income stability and short credit history, making it concerning for a $3,825 loan at 14.27%. The two most alarming factors are the borrower’s $26,000 annual income with just 2 years of employment and a credit history of only 4 years, both of which raise repayment capacity questions. Before approval, request updated employment verification and a detailed explanation of the loan purpose to assess viability."
LN31611,0.8248499320937014,High,"This application falls into Risk Tier 4 due to the borrower’s short employment history and high interest rate, which raises concerns about repayment capacity given their limited income stability. The most troubling factors are the single prior default and the fact that they own no home despite a 13-year credit history, compounded by a 16% interest rate on a $10,000 loan. Before approval, request updated bank statements to verify cash flow and assess whether the borrower can sustain the debt burden."
LN06264,0.9082006043217032,High,"This application falls into our high-risk tier due to the borrower’s limited credit history, minimal income stability, and lack of employment experience, making it a concerning unsecured personal loan for debt consolidation. With a 26-year-old applicant earning $30,000 annually and no prior work history, the 15.31% interest rate on a $6,000 loan—just 0.2% of income—exposes us to significant repayment risk, compounded by a prior default. Before approval, require a co-signer or collateral to mitigate exposure."
LN06105,0.9197968691256329,High,"This application falls into Tier 3 due to the borrower’s limited credit history and modest income, raising concerns about repayment capacity given the $6,000 loan at 14.59%. The two most troubling factors are the borrower’s age of 22 with only 4 years of credit history and an income of $15,000, which makes the 0.4% income-to-loan ratio unsustainable if unexpected expenses arise. Before approval, request proof of stable employment beyond 3 years or a co-signer to mitigate risk."
LN01137,0.9173483313131228,High,"This application falls into the high-risk tier given the borrower’s young age and short credit history, despite the modest loan amount. The two most troubling factors are the borrower’s limited credit experience of just four years and the loan representing 31% of their annual income, which exceeds prudent lending thresholds. Before approval, I recommend requiring a co-signer with stronger credit to mitigate repayment risk."
LN23811,0.8052212415058229,High,"This application falls into risk tier 3 for a $9,600 loan used for purpose 3, which raises concerns given the borrower’s modest income of $48,000 and a credit history with one default. The two most troubling factors are the high interest rate of 16.29% and the loan representing 0.2% of their annual income, which strains affordability despite the short repayment term. Before approval, request updated bank statements to verify cash flow and confirm the borrower’s ability to manage this debt alongside their existing obligations."
LN27198,0.7461528621780534,High,"This application sits in Tier 3 due to the high interest rate and borrower’s limited credit history, making it a borderline case. The two red flags are the 15.62% rate on a $30,000 loan and just five years of credit history with no home ownership, both raising repayment risk. Before approval, request a detailed debt-to-income breakdown to verify affordability beyond the stated income."
LN27461,0.6045610291640545,High,"This application falls into Risk Tier 4 due to the borrower’s short employment history and high-risk purpose, which raises concerns about repayment capacity. The most troubling factors are the 2.0 years of employment with a $108,800 income—raising questions about stability—and the 16.35% interest rate on a $15,000 loan, which strains affordability at just 0.12% of income. Before approval, request updated employment verification and a written explanation of the loan’s necessity to assess true risk."
LN00502,0.7345493979725903,High,"This application falls into the high-risk tier due to the borrower’s limited credit history and modest income relative to the loan amount. With just two years of credit history and an annual income of $18,840, the borrower’s debt-to-income ratio at 16% is concerning, especially given their lack of home ownership. Before approval, request additional proof of stable employment or alternative collateral to mitigate risk."
LN11117,0.6042274777842752,High,"This application falls into risk tier 3 due to the borrower's short credit history and high loan purpose risk, which raises concerns about repayment capacity. The two most troubling factors are the 3-year credit history with one default and the $10,000 loan representing 23% of annual income, well above prudent lending thresholds. Before approval, require a detailed explanation of the default and proof of stable income beyond the stated $43,500."
LN00485,0.9393216439188722,High,"This application falls into the high-risk tier due to the borrower’s limited income, short credit history, and minimal employment experience, raising concerns about repayment capacity. The two most troubling factors are the 22-year-old applicant’s $18,000 annual income with just one year of job tenure and a loan-to-income ratio of 17%, which strains affordability despite a low default record. Before approval, request recent bank statements to verify consistent cash flow and assess whether the borrower can sustain the $3,000 loan at 9.96% interest."
LN13486,0.6949586447335337,High,"This application falls into Tier 2 with a modest loan purpose, but the borrower’s limited employment history and low home ownership raise concerns about repayment capacity. The two most troubling factors are the 3-year employment tenure with a $92k income and the 0.26% income-to-loan ratio, which strains affordability despite the short term. Before approval, request updated bank statements to verify consistent cash flow and residual income after expenses."
LN08802,0.8961081948177765,High,"This application falls into our high-risk tier due to the borrower’s limited credit history and lack of employment experience, despite the modest loan amount. The two most concerning factors are the applicant’s 3-year credit history with one prior default and a debt-to-income ratio of 24% on a $34,000 income, which strains affordability for a 24-year-old with no job stability. Before approval, require a co-signer with verifiable income and a minimum two-year employment history to mitigate repayment risk."
LN27317,0.925343793795204,High,"Loan LN27317 at risk tier 3 raises concern due to its high 18.25% interest rate on a $30,000 loan with no stated purpose, despite the borrower’s solid income. The two most troubling factors are the applicant’s lack of home ownership and the unclear loan purpose, which undermine collateral and repayment visibility. Before approval, request written clarification on the loan’s intended use and supporting documentation to justify the elevated risk."
LN06113,0.9329176014221728,High,"This application falls into the high-risk tier due to the borrower’s limited credit history and modest income relative to the loan amount. The two most concerning factors are the borrower’s age of 24 with just two years of credit history and the loan representing 33% of their annual income, which exceeds prudent lending thresholds. Before approval, I recommend requiring a co-signer with stronger credit stability to mitigate risk."
LN04832,0.9038514752971448,High,"This application falls into a higher risk tier due to the borrower’s limited credit history and modest income relative to the loan amount. With only three years of credit history and a recent default flagged, the borrower’s risk profile is further strained by a $5,000 loan at 15.7% interest, representing 17% of their $29,000 annual income. Before approval, I recommend requiring a co-signer with stronger credit to mitigate the elevated default risk."
LN22082,0.6980891952122125,High,"This application falls into risk tier three due to the high interest rate and minimal income impact, raising concerns about the borrower’s debt sustainability. The two most troubling factors are the 14.11% interest rate on a $7,000 loan and the borrower’s limited four-year employment history despite a high income, which suggests potential repayment instability. Before approval, request updated employment verification and a detailed explanation of the loan purpose to assess true risk."
LN17548,0.7959565071879983,High,"This application falls into our heightened risk tier due to the borrower’s short credit history and modest employment tenure, despite the small loan size. The two most concerning factors are the borrower’s limited credit experience of just two years and a single prior default, which raises questions about repayment reliability. Before approval, I recommend requesting additional documentation of stable income or a co-signer to mitigate risk exposure."
LN10741,0.7416760167382753,High,"This application falls into our highest risk tier due to the borrower’s limited credit history and modest income relative to the loan amount. With just two years of credit history and a debt-to-income ratio of 29%, the borrower’s ability to handle this $10,000 loan at 12.69% interest is questionable, especially given their one year of employment. Before approval, I recommend requiring a co-signer with stronger financial stability to mitigate the risk."
LN00117,0.8686418602105138,High,"This application falls into the highest risk tier due to the borrower’s minimal income, lack of employment history, and prior default, making approval highly questionable. The two most concerning factors are the 18% of annual income this loan would consume despite a $12,996 salary and the 13.49% interest rate on a $2,400 loan to a 23-year-old with no credit experience. Before moving forward, require a cosigner with stable income and strong credit to mitigate repayment risk."
LN29220,0.8963617340402833,High,"This application falls into the high-risk tier due to the borrower’s lack of employment history and minimal income relative to the loan amount, despite a long credit history. The two most concerning factors are the $15,000 annual income supporting a $5,000 loan at 33% of monthly take-home pay and zero years of documented employment experience, which raises repayment capacity questions. Before approval, request recent bank statements and a detailed explanation of income sources to verify stability."
LN06284,0.6964432957540354,High,"This application falls into Risk Tier 3 due to the borrower’s limited credit history and high default status, making it concerning for a $7,000 personal loan at 15.57% interest. The two most troubling factors are the 22-year-old applicant’s single default and just 4 years of credit history, compounded by a 0.16% income-to-loan ratio that strains affordability. Before approval, require a detailed explanation of the default and proof of stable income beyond the current $42,500 annual salary."
LN23540,0.8874399827356649,High,"This application falls into Tier 3 due to the borrower’s limited income stability and high loan-to-income ratio, raising concerns about repayment capacity. The two most troubling factors are the 27% debt-to-income ratio and just two years of employment history, both of which increase default risk. Before approval, request a detailed explanation of the borrower’s monthly expenses to assess affordability."
LN19927,0.9350227567833876,High,"This application falls into the high-risk tier due to the borrower's limited income stability and modest employment history, despite a long credit history. The two most concerning factors are the $10,750 loan representing 37% of annual income—a level well above our comfort zone—and the borrower's short four-year job tenure with no home ownership, increasing repayment uncertainty. I recommend deferring approval until the borrower provides at least six months of additional employment verification or a co-signer with stronger financial backing."
LN13141,0.9003798280390695,High,"This application falls into our high-risk tier due to the borrower’s limited credit history and the disproportionately high interest rate for a small loan. With just four years of credit history and a 16.77% rate on a $5,000 loan, the borrower’s income coverage at 0.06% raises concerns about repayment capacity. I recommend delaying approval until we verify additional income documentation or reduce the rate to align with their risk profile."
